{"cameraMode":{"drawMode":0,"name":"Shaded","section":"Shading Mode"},"sceneLighting":true,"audioPlay":false,"sceneViewState":{"m_AlwaysRefresh":false,"showFog":true,"showSkybox":false,"showFlares":true,"showImageEffects":true,"showParticleSystems":true,"showVisualEffectGraphs":true,"m_FxEnabled":true},"in2DMode":false,"pivot":{"x":0.34192460775375368,"y":26.209379196166993,"z":9.895453453063965},"rotation":{"x":-0.0010194992646574975,"y":0.9991203546524048,"z":-0.04800131171941757,"w":-0.004223867319524288},"size":2.692582368850708,"orthographic":false}