{"cameraMode":{"drawMode":0,"name":"Shaded","section":"Shading Mode"},"sceneLighting":true,"audioPlay":false,"sceneViewState":{"m_AlwaysRefresh":false,"showFog":true,"showSkybox":false,"showFlares":true,"showImageEffects":true,"showParticleSystems":true,"showVisualEffectGraphs":true,"m_FxEnabled":true},"in2DMode":false,"pivot":{"x":0.6786210536956787,"y":26.611967086791993,"z":11.586505889892579},"rotation":{"x":-0.09788071364164353,"y":0.051314227283000949,"z":-0.0044366177171468739,"w":-0.9941291213035584},"size":2.692582368850708,"orthographic":false}